question,answer
"Vilka öppettider har ni?","Vi har öppet vardagar 09:00–18:00 och lördagar 10:00–14:00."
"Var finns ni?","Vi finns på Exempelgatan 12, 111 22 Stockholm."
"Vilka betalningsmetoder accepterar ni?","Vi accepterar kort, Swish och faktura för företagskunder."
"Hur bokar jag en tid?","Använd vår bokningslänk: https://calendly.com/ditt-foretag/bokning eller skriv 'Boka' här så hjälper jag dig."
"Har ni fria returer?","Ja, fria returer inom 30 dagar för obrutna varor. Kontakta supporten för returfraktsedel."
